Card Name ,Credit Level ,Card Type ,Reward,Annual Fee,Purchase Rate,Transfer Info
Savor Rewards for Students,Fair Credit,Student ,"Earn unlimited 3% cash back at grocery stores, on dining, entertainment and popular streaming services, plus 1% cash back on all other purchases. 4",$0,19.24% - 29.24% variable APR,19.24% - 29.24% variable APR; Balance transfer fee applies. See pricing and terms for details
Quicksilver Rewards for Students,Fair Credit,Student ,"Earn unlimited 1.5% cash back on every purchase, every day.",$0,19.24% - 29.24% variable APR,19.24% - 29.24% variable APR; Balance transfer fee applies. See pricing and terms for details
Quicksilver Secured Rewards,Fair Credit,Secured,Earn 1.5% cash back on every purchase with a refundable $200 minimum deposit.,$0,29.74% variable APR,29.74% variable APR; Balance transfer fee applies. See pricing and terms for details
Platinum Secured,Rebuilding Credit,Secured,"Refundable deposit of $49, $99 or $200 gets you a $200 initial credit line. With responsible use, you can earn your deposit back and upgrade your card.",$0,29.74% variable APR,29.74% variable APR; Balance transfer fee applies. See pricing and terms for details
Spark 2% Cash Plus,Excellent Credit,Business,Unlimited 2% cash back with spend capacity that adapts to your business,$150,No APR since your balance is due in full every month,Balance transfers are not available on Spark Cash Plus
Spark 2% Cash,Excellent Credit,Business,"Unlimited 2% cash back on every purchase, every day","$0 intro for the first year, $95 after that","$0 intro for the first year, $95 after that",Balance transfers are not available on Spark Cash Plus
Spark 1.5% Cash Select,Excellent Credit,Business,"Unlimited 1.5% cash back on every purchase, every day",$0,17.49% - 23.49% variable APR,Balance transfers are not available on Spark Cash Select
Spark 1% Classic,Fair Credit,Business,"Get the credit you want for your business, and unlimited 1% cash back on every purchase, every day",$0,29.74% variable APR,Balance transfers are not available on Spark Classic
Venture X Business,Excellent Credit,Business,Unlimited 2X miles with spend capacity that adapts to your business,$395,No APR since your balance is due in full every month,Balance transfers are not available on Venture X Business
Spark 2X Miles,Excellent Credit,Business,"Unlimited 2X miles per dollar on every purchase, every day","$0 intro for the first year, $95 after that",25.24% variable APR,Balance transfers are not available on Spark Miles
Spark 1.5X Miles Select,Excellent Credit,Business,"Unlimited 1.5X miles per dollar on every purchase, every day",$0,17.49% - 23.49% variable APR,Balance transfers are not available on Spark Miles Select
Bass Pro Shops and Cabela's CLUB Business card,Excellent Credit,Business,"Get 1.5% back in CLUB Points on purchases, anywhere Mastercard is accepted",$0,7.99% APR on Bass Pro Shops and Cabela’s purchases; 19.99% - 31.24% variable APR on all other purchases,19.99% - 31.24% variable APR; No Transfer Fee on transfers at Transfer APR
Platinum Mastercard®,Fair Credit,Personal,Get the credit you need with no annual fee.,$0,29.74% variable APR,29.74% variable APR; Balance transfer fee applies. See pricing and terms for details
Venture X Rewards,Excellent Credit,Personal,"Earn unlimited 10X miles on hotels and rental cars booked through Capital One Travel and 5X miles on flights and vacation rentals booked through Capital One Travel, plus unlimited 2X miles on all other purchases",$395,19.99% - 29.24% variable APR,19.99% - 29.24% variable APR; Balance transfer fee applies. See pricing and terms for details
Venture Rewards,Excellent Credit,Personal,"Earn unlimited 2 miles per dollar on every purchase. Earn unlimited 5 miles per dollar on hotels, vacation rentals, and rental cars booked through Capital One Travel",$95,19.99% - 29.24% variable APR,19.99% - 29.24% variable APR; Balance transfer fee applies. See pricing and terms for details
VentureOne Rewards,Excellent Credit,Personal,Earn unlimited 1.25 miles per dollar on every purchase. Earn unlimited 5 miles per dollar on hotels and rental cars booked through Capital One Travel,$0,0% intro APR for 15 months; 19.24% - 29.24% variable APR after that,0% intro APR for 15 months; 19.24% - 29.24% variable APR after that; Balance transfer fee applies. See pricing and terms for details
VentureOne Rewards for Good Credit,Excellent Credit,Personal,"Earn unlimited 1.25 miles per dollar on every purchase, every day",$0,29.74% variable APR,29.74% variable APR; Balance transfer fee applies. See pricing and terms for details
Quicksilver Rewards,Excellent Credit,Personal,"Earn unlimited 1.5% cash back on every purchase, every day.",$0,0% intro APR for 15 months; 19.24% - 29.24% variable APR after that,0% intro APR for 15 months; 19.24% - 29.24% variable APR after that; Balance transfer fee applies. See pricing and terms for details
Quicksilver Rewards for Good Credit,"
Good Credit",Personal,"Earn unlimited 1.5% cash back on every purchase, every day",$0,29.74% variable APR,29.74% variable APR; Balance transfer fee applies. See pricing and terms for details
Savor Rewards,Excellent Credit,Personal,"Earn unlimited 3% cash back at grocery stores, on dining, entertainment and popular streaming services, plus 1% cash back on all other purchases. 4",$0,0% intro APR for 15 months; 19.24% - 29.24% variable APR after that,0% intro APR for 15 months; 19.24% - 29.24% variable APR after that; Balance transfer fee applies. See pricing and terms for details
Savor Rewards for Good Credit,"
Good Credit",Personal,"Earn unlimited 3% cash back at grocery stores, on dining, entertainment and popular streaming services, plus 1% cash back on all other purchases. 4",$0,29.74% variable APR,29.74% variable APR; Balance transfer fee applies. See pricing and terms for details
QuicksilverOne Rewards,"
Fair Credit",Personal,"Earn unlimited 1.5% cash back on every purchase, every day",$39,29.74% variable APR,29.74% variable APR; Balance transfer fee applies. See pricing and terms for details
Kohl's Rewards® Visa,Good-Excellent Credit,Personal,Earn Kohl’s Rewards everywhere Visa is accepted and enjoy exclusive cardholder discounts and a special anniversary offer every year.  ,$0,30.24% variable APR,30.24% variable APR. No Transfer Fee with this Transfer APR; 4% on the amount of each transferred balance that posts to your account at a Promotional APR that we may offer you.
REI Co-op® Mastercard®,Good-Excellent Credit,Personal,"Earn 5% back in rewards on REI purchases, plus 1.5% back on all other purchases. Redeem rewards on purchases at REI retail stores and REI.com.  ",$0,18.24% - 29.24% variable APR,18.24% - 29.24% variable APR; No Transfer Fee with this Transfer APR; 3% on the amount of each transferred balance that posts to your account at a Promotional APR that we may offer you
Pottery Barn Key Rewards Visa,"Excellent Credit
",Personal,"Earn 5% back in rewards across eight of Williams-Sonoma, Inc.’s brands, including Pottery Barn, Williams Sonoma, and West Elm.  ",$0,29.24% variable APR,29.24% variable APR. No Transfer Fee with this Transfer APR; 3% on the amount of each transferred balance that posts to your account at a Promotional APR that we may offer you
Williams Sonoma Key Rewards Visa,"Excellent Credit
",Personal,"Earn 5% back in rewards across eight of Williams-Sonoma, Inc.’s brands, including Pottery Barn, Williams Sonoma, and West Elm.  ",$0,29.24% variable APR,29.24% variable APR. No Transfer Fee with this Transfer APR; 3% on the amount of each transferred balance that posts to your account at a Promotional APR that we may offer you
West Elm Key Rewards Visa,Excellent Credit,Personal,"Earn 5% back in rewards across eight of Williams-Sonoma, Inc.’s brands, including Pottery Barn, Williams Sonoma, and West Elm.",$0,29.24% variable APR,29.24% variable APR. No Transfer Fee with this Transfer APR; 3% on the amount of each transferred balance that posts to your account at a Promotional APR that we may offer you
The Key Rewards Visa,Excellent Credit,Personal,"Earn 5% back in rewards across eight of Williams-Sonoma, Inc.’s brands, including Pottery Barn, Williams Sonoma, and West Elm.  ",$0,29.24% variable APR,29.24% variable APR. No Transfer Fee with this Transfer APR; 3% on the amount of each transferred balance that posts to your account at a Promotional APR that we may offer you
Cabela’s CLUB Card,Good-Excellent Credit,Personal,"Get 1% back in CLUB Points on other purchases, anywhere Mastercard is accepted",$0,9.99% APR on Cabela’s and Bass Pro Shops and purchases; 19.99% - 31.24% variable APR on all other purchases,19.99% - 31.24% variable APR; No Transfer Fee with this Transfer APR; 3% on the amount of each transferred balance that posts to your account at a Promotional APR that we may offer you
Bass Pro Shops CLUB Card,Good-Excellent Credit,Personal,"Get 1% back in CLUB Points on other purchases, anywhere Mastercard is accepted",$0,9.99% APR on Bass Pro Shops and Cabela’s purchases; 19.99% - 31.24% variable APR on all other purchases,19.99% - 31.24% variable APR; No Transfer Fee with this Transfer APR; 3% on the amount of each transferred balance that posts to your account at a Promotional APR that we may offer you
BJ’s One™ Mastercard®,Good-Excellent Credit,Personal,"Earn 3% back in rewards on most purchases at BJ’s. 1.5% back in rewards on purchases everywhere else Mastercard® is accepted. 10¢ off/gallon at BJ’s Gas®. Your rewards never expire. Redeem your rewards in-club, on BJs.com or in the BJ’s app.",$0,19.24% or 29.24%,19.24% or 29.24%; No Transfer Fee with this Transfer APR; 3% on the amount of each transferred balance that posts to your account at a Promotional APR that we may offer you
BJ’s One+™ Mastercard®,Good-Excellent Credit,Personal,"Earn 5% back in rewards on most purchases at BJ’s. 2% back in rewards on purchases everywhere else Mastercard® is accepted. 15¢ off/gallon at BJ’s Gas®. Your rewards never expire. Redeem your rewards in-club, on BJs.com or in the BJ’s app.",$0,19.24% or 29.24%,19.24% or 29.24%; No Transfer Fee with this Transfer APR; 3% on the amount of each transferred balance that posts to your account at a Promotional APR that we may offer you